job_id,workload_name,profile,submission_time,requested_number_of_resources,requested_time,success,final_state,starting_time,execution_time,finish_time,waiting_time,turnaround_time,stretch,allocated_resources,consumed_energy,metadata
0,w0,34,0.000000,112,900.000000,1,COMPLETED_SUCCESSFULLY,0.000000,34.000000,34.000000,0.000000,34.000000,1.000000,0-111,-1.000000,""
1,w0,32080,13257.000000,4,36000.000000,1,COMPLETED_SUCCESSFULLY,13257.000000,32080.000000,45337.000000,0.000000,32080.000000,1.000000,0-3,-1.000000,""
10,w0,163,69431.000000,64,600.000000,1,COMPLETED_SUCCESSFULLY,69431.000000,163.000000,69594.000000,0.000000,163.000000,1.000000,0-63,-1.000000,""
100,w0,1925,176317.000000,1,3840.000000,1,COMPLETED_SUCCESSFULLY,176317.000000,1925.000000,178242.000000,0.000000,1925.000000,1.000000,156,-1.000000,""
101,w0,1926,176317.000000,1,3840.000000,1,COMPLETED_SUCCESSFULLY,176317.000000,1926.000000,178243.000000,0.000000,1926.000000,1.000000,157,-1.000000,""
102,w0,1927,176318.000000,1,3840.000000,1,COMPLETED_SUCCESSFULLY,176318.000000,1927.000000,178245.000000,0.000000,1927.000000,1.000000,158,-1.000000,""
